{"cameraMode":{"drawMode":0,"name":"Shaded","section":"Shading Mode"},"sceneLighting":true,"audioPlay":false,"sceneViewState":{"m_AlwaysRefresh":false,"showFog":true,"showSkybox":true,"showFlares":true,"showImageEffects":true,"showParticleSystems":true,"showVisualEffectGraphs":true,"m_FxEnabled":true},"in2DMode":false,"pivot":{"x":6.27558708190918,"y":3.6804168224334719,"z":15.224998474121094},"rotation":{"x":-0.06023382395505905,"y":-0.033832862973213199,"z":0.0020587597973644735,"w":-0.9975665807723999},"size":15.835747718811036,"orthographic":false}